{
    "position": {
        "x": 0.0,
        "y": 1.7999999523162842,
        "z": 0.0
    },
    "rotation": {
        "x": 0.0,
        "y": 0.0,
        "z": 0.0,
        "w": 1.0
    },
    "dockingBalls": [
        {
            "position": {
                "x": 0.0,
                "y": 1.7999999523162842,
                "z": -0.15039999783039094
            },
            "rotation": {
                "x": -9.735359185469861e-8,
                "y": 0.0,
                "z": 0.0,
                "w": 1.0
            },
            "removedIndizes": [
                1
            ]
        },
        {
            "position": {
                "x": 0.0,
                "y": 1.7999999523162842,
                "z": 0.15039999783039094
            },
            "rotation": {
                "x": -9.735359185469861e-8,
                "y": 0.0,
                "z": 0.0,
                "w": 1.0
            },
            "removedIndizes": [
                0,
                15
            ]
        }
    ],
    "ballDocketAtIndex": 0,
    "isDockedLimb": false,
    "childLimbs": [
        {
            "position": {
                "x": 0.0,
                "y": 1.6939339637756348,
                "z": 0.25646623969078066
            },
            "rotation": {
                "x": 0.3826826512813568,
                "y": 5.7024149846540698e-9,
                "z": -1.3766880968546502e-8,
                "w": 0.923879861831665
            },
            "dockingBalls": [
                {
                    "position": {
                        "x": -2.6716372068466296e-16,
                        "y": 1.587585210800171,
                        "z": 0.362815260887146
                    },
                    "rotation": {
                        "x": 0.0,
                        "y": 0.0,
                        "z": 0.0,
                        "w": 1.0
                    },
                    "removedIndizes": [
                        16,
                        12
                    ]
                },
                {
                    "position": {
                        "x": -3.5740279923687347e-16,
                        "y": 1.3748878240585328,
                        "z": 0.5755133628845215
                    },
                    "rotation": {
                        "x": 0.0,
                        "y": 0.0,
                        "z": 0.0,
                        "w": 1.0
                    },
                    "removedIndizes": [
                        12,
                        1
                    ]
                }
            ],
            "ballDocketAtIndex": 1,
            "isDockedLimb": true,
            "childLimbs": [
                {
                    "position": {
                        "x": -1.1102230246251566e-15,
                        "y": 1.3748878240585328,
                        "z": 0.7255134582519531
                    },
                    "rotation": {
                        "x": 0.0,
                        "y": 0.0,
                        "z": 0.0,
                        "w": 1.0
                    },
                    "dockingBalls": [
                        {
                            "position": {
                                "x": -3.552713678800501e-15,
                                "y": 1.3748878240585328,
                                "z": 0.8759135007858276
                            },
                            "rotation": {
                                "x": 0.0,
                                "y": 0.0,
                                "z": 0.0,
                                "w": 1.0
                            },
                            "removedIndizes": [
                                1,
                                0
                            ]
                        },
                        {
                            "position": {
                                "x": -1.7763568394002506e-15,
                                "y": 1.3748878240585328,
                                "z": 1.1767133474349976
                            },
                            "rotation": {
                                "x": 0.0,
                                "y": 0.0,
                                "z": 0.0,
                                "w": 1.0
                            },
                            "removedIndizes": [
                                0
                            ]
                        }
                    ],
                    "ballDocketAtIndex": 1,
                    "isDockedLimb": true,
                    "childLimbs": [],
                    "rotationData": {
                        "rotationalFreedom": 3,
                        "minMaxRotationX": {
                            "x": -25.0,
                            "y": 24.999996185302736
                        },
                        "minMaxRotationY": {
                            "x": -25.0,
                            "y": 24.999996185302736
                        }
                    }
                }
            ],
            "rotationData": {
                "rotationalFreedom": 3,
                "minMaxRotationX": {
                    "x": -25.0,
                    "y": 24.999996185302736
                },
                "minMaxRotationY": {
                    "x": -25.0,
                    "y": 24.999996185302736
                }
            }
        }
    ],
    "rotationData": {
        "rotationalFreedom": 3,
        "minMaxRotationX": {
            "x": -25.0,
            "y": 24.999996185302736
        },
        "minMaxRotationY": {
            "x": -25.0,
            "y": 24.999996185302736
        }
    }
}