{"position":{"x":0.0,"y":1.7999999523162842,"z":0.0},"rotation":{"x":0.0,"y":0.0,"z":0.0,"w":1.0},"dockingBalls":[{"position":{"x":0.0,"y":1.7999999523162842,"z":-0.15039999783039094},"rotation":{"x":-9.735359185469861e-8,"y":0.0,"z":0.0,"w":1.0},"removedIndizes":[1,0]},{"position":{"x":0.0,"y":1.7999999523162842,"z":0.15039999783039094},"rotation":{"x":-9.735359185469861e-8,"y":0.0,"z":0.0,"w":1.0},"removedIndizes":[0,0]}],"ballDocketAtIndex":0,"isDockedLimb":false,"childLimbs":[{"position":{"x":0.0,"y":1.7999999523162842,"z":0.3004000186920166},"rotation":{"x":-9.735359185469861e-8,"y":0.0,"z":0.0,"w":1.0},"dockingBalls":[{"position":{"x":0.0,"y":1.7999999523162842,"z":0.45080000162124636},"rotation":{"x":-9.735359185469861e-8,"y":0.0,"z":0.0,"w":1.0},"removedIndizes":[0,0,1,3]},{"position":{"x":0.0,"y":1.8000000715255738,"z":0.7516000270843506},"rotation":{"x":-9.735359185469861e-8,"y":0.0,"z":0.0,"w":1.0},"removedIndizes":[0,0]},{"position":{"x":0.0,"y":1.8000000715255738,"z":1.05239999294281},"rotation":{"x":-9.735359185469861e-8,"y":0.0,"z":0.0,"w":1.0},"removedIndizes":[0]}],"ballDocketAtIndex":1,"isDockedLimb":true,"childLimbs":[{"position":{"x":0.15000008046627046,"y":1.7999999523162842,"z":0.45080000162124636},"rotation":{"x":-6.883935554924392e-8,"y":0.7071071863174439,"z":-6.88394266035175e-8,"w":0.7071064710617065},"dockingBalls":[{"position":{"x":0.30040013790130618,"y":1.7999999523162842,"z":0.450799822807312},"rotation":{"x":-6.883935554924392e-8,"y":0.7071071863174439,"z":-6.88394266035175e-8,"w":0.7071064710617065},"removedIndizes":[0,24]}],"ballDocketAtIndex":0,"isDockedLimb":true,"childLimbs":[{"position":{"x":0.30040016770362856,"y":1.6499998569488526,"z":0.4507998526096344},"rotation":{"x":0.49999967217445376,"y":0.5000002980232239,"z":-0.5000003576278687,"w":0.4999999403953552},"dockingBalls":[{"position":{"x":0.3004002273082733,"y":1.499599814414978,"z":0.4507999122142792},"rotation":{"x":0.49999967217445376,"y":0.5000002980232239,"z":-0.5000003576278687,"w":0.4999999403953552},"removedIndizes":[0,0]}],"ballDocketAtIndex":0,"isDockedLimb":true,"childLimbs":[{"position":{"x":0.3004002869129181,"y":1.349599838256836,"z":0.45079994201660159},"rotation":{"x":0.49999967217445376,"y":0.5000002980232239,"z":-0.5000003576278687,"w":0.4999999403953552},"dockingBalls":[{"position":{"x":0.30040034651756289,"y":1.1991996765136719,"z":0.45080000162124636},"rotation":{"x":0.49999967217445376,"y":0.5000002980232239,"z":-0.5000003576278687,"w":0.4999999403953552},"removedIndizes":[0,0]},{"position":{"x":0.30040034651756289,"y":0.8983995914459229,"z":0.4508000910282135},"rotation":{"x":0.49999967217445376,"y":0.5000002980232239,"z":-0.5000003576278687,"w":0.4999999403953552},"removedIndizes":[0]}],"ballDocketAtIndex":0,"isDockedLimb":true,"childLimbs":[],"rotationData":{"rotationalFreedom":2,"minMaxRotationX":{"x":-1.68878173828125,"y":0.7122176289558411},"minMaxRotationY":{"x":-18.3707275390625,"y":18.37071418762207}}}],"rotationData":{"rotationalFreedom":2,"minMaxRotationX":{"x":-2.954254150390625,"y":0.5379579067230225},"minMaxRotationY":{"x":-25.0,"y":24.999996185302736}}}],"rotationData":{"rotationalFreedom":4,"minMaxRotationX":{"x":-0.2860107421875,"y":0.23872701823711396},"minMaxRotationY":{"x":-1.099822998046875,"y":1.0998144149780274}}},{"position":{"x":-0.15000008046627046,"y":1.7999999523162842,"z":0.45080000162124636},"rotation":{"x":6.883938397095335e-8,"y":0.70710688829422,"z":-6.883939818180807e-8,"w":-0.7071067690849304},"dockingBalls":[{"position":{"x":-0.30040013790130618,"y":1.7999999523162842,"z":0.45079994201660159},"rotation":{"x":6.883938397095335e-8,"y":0.70710688829422,"z":-6.883939818180807e-8,"w":-0.7071067690849304},"removedIndizes":[0,24]}],"ballDocketAtIndex":0,"isDockedLimb":true,"childLimbs":[{"position":{"x":-0.30040016770362856,"y":1.6499998569488526,"z":0.45079997181892397},"rotation":{"x":-0.49999991059303286,"y":0.5000001192092896,"z":-0.5000001192092896,"w":-0.5000001192092896},"dockingBalls":[{"position":{"x":-0.3004002273082733,"y":1.499599814414978,"z":0.45080000162124636},"rotation":{"x":-0.49999991059303286,"y":0.5000001192092896,"z":-0.5000001192092896,"w":-0.5000001192092896},"removedIndizes":[0,0]}],"ballDocketAtIndex":0,"isDockedLimb":true,"childLimbs":[{"position":{"x":-0.3004002869129181,"y":1.349599838256836,"z":0.4508000314235687},"rotation":{"x":-0.49999991059303286,"y":0.5000001192092896,"z":-0.5000001192092896,"w":-0.5000001192092896},"dockingBalls":[{"position":{"x":-0.30040034651756289,"y":1.1991996765136719,"z":0.4508000612258911},"rotation":{"x":-0.49999991059303286,"y":0.5000001192092896,"z":-0.5000001192092896,"w":-0.5000001192092896},"removedIndizes":[0,0]},{"position":{"x":-0.30040034651756289,"y":0.8983995914459229,"z":0.4508000910282135},"rotation":{"x":-0.49999991059303286,"y":0.5000001192092896,"z":-0.5000001192092896,"w":-0.5000001192092896},"removedIndizes":[0]}],"ballDocketAtIndex":0,"isDockedLimb":true,"childLimbs":[],"rotationData":{"rotationalFreedom":2,"minMaxRotationX":{"x":-0.079833984375,"y":0.7920441627502441},"minMaxRotationY":{"x":-15.20281982421875,"y":15.20280933380127}}}],"rotationData":{"rotationalFreedom":2,"minMaxRotationX":{"x":-0.4708251953125,"y":0.34952688217163088},"minMaxRotationY":{"x":-25.0,"y":24.999996185302736}}}],"rotationData":{"rotationalFreedom":4,"minMaxRotationX":{"x":-2.62451171875,"y":0.4191886782646179},"minMaxRotationY":{"x":-0.40625,"y":0.4062570035457611}}}],"rotationData":{"rotationalFreedom":4,"minMaxRotationX":{"x":-0.051666259765625,"y":0.6733522415161133},"minMaxRotationY":{"x":-0.6278076171875,"y":0.6278154253959656}}},{"position":{"x":0.0,"y":1.7999999523162842,"z":-0.3004000782966614},"rotation":{"x":7.978747464153571e-14,"y":1.0,"z":-9.735359185469861e-8,"w":-8.195637519747834e-7},"dockingBalls":[{"position":{"x":-2.4652476326991748e-7,"y":1.7999999523162842,"z":-0.4508001208305359},"rotation":{"x":7.978747464153571e-14,"y":1.0,"z":-9.735359185469861e-8,"w":-8.195637519747834e-7},"removedIndizes":[0,0,4,1]},{"position":{"x":-7.395742613880429e-7,"y":1.7999998331069947,"z":-0.7516000866889954},"rotation":{"x":7.978747464153571e-14,"y":1.0,"z":-9.735359185469861e-8,"w":-8.195637519747834e-7},"removedIndizes":[0,0]},{"position":{"x":-0.000001232623731084459,"y":1.7999998331069947,"z":-1.05239999294281},"rotation":{"x":7.978747464153571e-14,"y":1.0,"z":-9.735359185469861e-8,"w":-8.195637519747834e-7},"removedIndizes":[0]}],"ballDocketAtIndex":0,"isDockedLimb":true,"childLimbs":[{"position":{"x":0.14999982714653016,"y":1.7999999523162842,"z":-0.450800359249115},"rotation":{"x":6.883934844381656e-8,"y":-0.7071073651313782,"z":6.883944081437221e-8,"w":-0.7071062922477722},"dockingBalls":[{"position":{"x":0.30039986968040469,"y":1.7999999523162842,"z":-0.4508005678653717},"rotation":{"x":6.883935554924392e-8,"y":-0.7071073651313782,"z":6.883944081437221e-8,"w":-0.7071062922477722},"removedIndizes":[0,24]}],"ballDocketAtIndex":0,"isDockedLimb":true,"childLimbs":[{"position":{"x":0.30039989948272707,"y":1.6499998569488526,"z":-0.4508005380630493},"rotation":{"x":-0.49999958276748659,"y":-0.5000004172325134,"z":0.5000004172325134,"w":-0.4999998211860657},"dockingBalls":[{"position":{"x":0.3003999590873718,"y":1.499599814414978,"z":-0.45080050826072695},"rotation":{"x":-0.49999958276748659,"y":-0.5000004172325134,"z":0.5000004172325134,"w":-0.4999998211860657},"removedIndizes":[0,0]}],"ballDocketAtIndex":0,"isDockedLimb":true,"childLimbs":[{"position":{"x":0.3004000186920166,"y":1.349599838256836,"z":-0.45080047845840456},"rotation":{"x":-0.49999958276748659,"y":-0.5000004172325134,"z":0.5000004172325134,"w":-0.4999998211860657},"dockingBalls":[{"position":{"x":0.3004000782966614,"y":1.1991996765136719,"z":-0.45080044865608218},"rotation":{"x":-0.49999958276748659,"y":-0.5000004172325134,"z":0.5000004172325134,"w":-0.4999998211860657},"removedIndizes":[0,0]},{"position":{"x":0.3004000782966614,"y":0.8983995914459229,