{"position":{"x":0.0,"y":1.7999999523162842,"z":0.0},"rotation":{"x":0.0,"y":0.0,"z":0.0,"w":1.0},"dockingBalls":[{"position":{"x":0.0,"y":1.7999999523162842,"z":-0.15039999783039094},"rotation":{"x":-9.735359185469861e-8,"y":0.0,"z":0.0,"w":1.0},"removedIndizes":[1]},{"position":{"x":0.0,"y":1.7999999523162842,"z":0.15039999783039094},"rotation":{"x":-9.735359185469861e-8,"y":0.0,"z":0.0,"w":1.0},"removedIndizes":[0,5]}],"ballDocketAtIndex":0,"isDockedLimb":false,"childLimbs":[{"position":{"x":-0.15000008046627046,"y":1.7999999523162842,"z":0.15039999783039094},"rotation":{"x":6.883938397095335e-8,"y":0.70710688829422,"z":-6.883939818180807e-8,"w":-0.7071067690849304},"dockingBalls":[{"position":{"x":-0.30040013790130618,"y":1.7999999523162842,"z":0.15039995312690736},"rotation":{"x":0.0,"y":0.0,"z":0.0,"w":1.0000001192092896},"removedIndizes":[]}],"ballDocketAtIndex":1,"isDockedLimb":true,"childLimbs":[],"rotationData":{"rotationalFreedom":3,"minMaxRotationX":{"x":-25.0,"y":24.999996185302736},"minMaxRotationY":{"x":-25.0,"y":24.999996185302736}}}],"rotationData":{"rotationalFreedom":3,"minMaxRotationX":{"x":-25.0,"y":24.999996185302736},"minMaxRotationY":{"x":-25.0,"y":24.999996185302736}}}